input,output
"bloating, constipation","fiber, supplements"
"constipation, gas","ginger"
"diarrhea","fiber, imodium, supplements"
"bloating","diet"
"acidity, gas","diet"
"diarrhea","yogurt"
"reflux","diet"
"constipation, cramps","imodium"
"abdominal pain, constipation, diarrhea","imodium"
"bloating","ginger, supplements"
"constipation","acupuncture, supplements"
"constipation, reflux","fiber"
"bloating","low fodmap"
"bloating, stomach upset","antibiotics"
"gas, slower motility","l casei, probiotics"
"diarrhea, gas","diet"
"bloating, gas","fiber"
"bloating","caffeine, diet"
"acne","probiotics"
"bloating","prebiotics"
"stomach upset","exercise"
