Symptoms,Recommendation
"bloating","fiber, supplements, diet"
"constipation","fiber, supplements, diet"
"diarrhea","fiber, imodium, supplements, yogurt"
"bloating","fiber, imodium, supplements, yogurt"
"gas","ginger, fiber, magnesium"
"constipation","ginger, fiber, magnesium"
"stomach upset","exercise, diet, probiotics"
"acidity","diet, probiotics"
"gas","diet, probiotics"
"diarrhea","fiber, imodium, supplements"
"reflux","diet, probiotics"
"abdominal pain","imodium, fiber, magnesium"
"constipation","imodium, fiber, magnesium"
